Alternativ,År,Befolkning
Hovedalternativ (MMM),2022,5425270
Hovedalternativ (MMM),2023,5474990
Hovedalternativ (MMM),2024,5511434
Hovedalternativ (MMM),2025,5535390
Hovedalternativ (MMM),2026,5559813
Hovedalternativ (MMM),2027,5584778
Hovedalternativ (MMM),2028,5610035
Hovedalternativ (MMM),2029,5635498
Hovedalternativ (MMM),2030,5660704
Hovedalternativ (MMM),2031,5685526
Hovedalternativ (MMM),2032,5709850
Hovedalternativ (MMM),2033,5733853
Hovedalternativ (MMM),2034,5757504
Hovedalternativ (MMM),2035,5780690
Hovedalternativ (MMM),2036,5803479
Hovedalternativ (MMM),2037,5825928
Hovedalternativ (MMM),2038,5847408
Hovedalternativ (MMM),2039,5867934
Hovedalternativ (MMM),2040,5887567
Hovedalternativ (MMM),2041,5906312
Hovedalternativ (MMM),2042,5924166
Hovedalternativ (MMM),2043,5941143
Hovedalternativ (MMM),2044,5957200
Hovedalternativ (MMM),2045,5972322
Hovedalternativ (MMM),2046,5986492
Hovedalternativ (MMM),2047,5999703
Hovedalternativ (MMM),2048,6011945
Hovedalternativ (MMM),2049,6023260
Hovedalternativ (MMM),2050,6033631
Hovedalternativ (MMM),2051,6043155
Hovedalternativ (MMM),2052,6051876
Hovedalternativ (MMM),2053,6059886
Hovedalternativ (MMM),2054,6067235
Hovedalternativ (MMM),2055,6074002
Hovedalternativ (MMM),2056,6080222
Hovedalternativ (MMM),2057,6086000
Hovedalternativ (MMM),2058,6091372
Hovedalternativ (MMM),2059,6096426
Hovedalternativ (MMM),2060,6101191
Hovedalternativ (MMM),2061,6105766
Hovedalternativ (MMM),2062,6110198
Hovedalternativ (MMM),2063,6114578
Hovedalternativ (MMM),2064,6118988
Hovedalternativ (MMM),2065,6123483
Hovedalternativ (MMM),2066,6128107
Hovedalternativ (MMM),2067,6132917
Hovedalternativ (MMM),2068,6137935
Hovedalternativ (MMM),2069,6143189
Hovedalternativ (MMM),2070,6148644
Hovedalternativ (MMM),2071,6154259
Hovedalternativ (MMM),2072,6159984
Hovedalternativ (MMM),2073,6165699
Hovedalternativ (MMM),2074,6171321
Hovedalternativ (MMM),2075,6176754
Hovedalternativ (MMM),2076,6181867
Hovedalternativ (MMM),2077,6186566
Hovedalternativ (MMM),2078,6190764
Hovedalternativ (MMM),2079,6194395
Hovedalternativ (MMM),2080,6197383
Hovedalternativ (MMM),2081,6199711
Hovedalternativ (MMM),2082,6201382
Hovedalternativ (MMM),2083,6202404
Hovedalternativ (MMM),2084,6202824
Hovedalternativ (MMM),2085,6202707
Hovedalternativ (MMM),2086,6202107
Hovedalternativ (MMM),2087,6201158
Hovedalternativ (MMM),2088,6199967
Hovedalternativ (MMM),2089,6198627
Hovedalternativ (MMM),2090,6197263
Hovedalternativ (MMM),2091,6195962
Hovedalternativ (MMM),2092,6194828
Hovedalternativ (MMM),2093,6193935
Hovedalternativ (MMM),2094,6193308
Hovedalternativ (MMM),2095,6192960
Hovedalternativ (MMM),2096,6192920
Hovedalternativ (MMM),2097,6193171
Hovedalternativ (MMM),2098,6193692
Hovedalternativ (MMM),2099,6194428
Hovedalternativ (MMM),2100,6195332
Lav nasjonal vekst (LLL),2022,5425270
Lav nasjonal vekst (LLL),2023,5478247
Lav nasjonal vekst (LLL),2024,5519433
Lav nasjonal vekst (LLL),2025,5549242
Lav nasjonal vekst (LLL),2026,5579839
Lav nasjonal vekst (LLL),2027,5610905
Lav nasjonal vekst (LLL),2028,5642195
Lav nasjonal vekst (LLL),2029,5673585
Lav nasjonal vekst (LLL),2030,5704684
Lav nasjonal vekst (LLL),2031,5735329
Lav nasjonal vekst (LLL),2032,5765437
Lav nasjonal vekst (LLL),2033,5795176
Lav nasjonal vekst (LLL),2034,5824532
Lav nasjonal vekst (LLL),2035,5853384
Lav nasjonal vekst (LLL),2036,5881808
Lav nasjonal vekst (LLL),2037,5909887
Lav nasjonal vekst (LLL),2038,5938033
Lav nasjonal vekst (LLL),2039,5965201
Lav nasjonal vekst (LLL),2040,5991454
Lav nasjonal vekst (LLL),2041,6016777
Lav nasjonal vekst (LLL),2042,6041187
Lav nasjonal vekst (LLL),2043,6064668
Lav nasjonal vekst (LLL),2044,6087187
Lav nasjonal vekst (LLL),2045,6108736
Lav nasjonal vekst (LLL),2046,6129315
Lav nasjonal vekst (LLL),2047,6148936
Lav nasjonal vekst (LLL),2048,6167641
Lav nasjonal vekst (LLL),2049,6185502
Lav nasjonal vekst (LLL),2050,6202592
Lav nasjonal vekst (LLL),2051,6219046
Lav nasjonal vekst (LLL),2052,6234992
Lav nasjonal vekst (LLL),2053,6250563
Lav nasjonal vekst (LLL),2054,6265841
Lav nasjonal vekst (LLL),2055,6280935
Lav nasjonal vekst (LLL),2056,6295871
Lav nasjonal vekst (LLL),2057,6310728
Lav nasjonal vekst (LLL),2058,6325510
Lav nasjonal vekst (LLL),2059,6340253
Lav nasjonal vekst (LLL),2060,6354954
Lav nasjonal vekst (LLL),2061,6369642
Lav nasjonal vekst (LLL),2062,6384356
Lav nasjonal vekst (LLL),2063,6399158
Lav nasjonal vekst (LLL),2064,6414084
Lav nasjonal vekst (LLL),2065,6429208
Lav nasjonal vekst (LLL),2066,6444547
Lav nasjonal vekst (LLL),2067,6460146
Lav nasjonal vekst (LLL),2068,6476032
Lav nasjonal vekst (LLL),2069,6492220
Lav nasjonal vekst (LLL),2070,6508676
Lav nasjonal vekst (LLL),2071,6525338
Lav nasjonal vekst (LLL),2072,6542135
Lav nasjonal vekst (LLL),2073,6558976
Lav nasjonal vekst (LLL),2074,6575739
Lav nasjonal vekst (LLL),2075,6592326
Lav nasjonal vekst (LLL),2076,6608615
Lav nasjonal vekst (LLL),2077,6624533
Lav nasjonal vekst (LLL),2078,6639993
Lav nasjonal vekst (LLL),2079,6654939
Lav nasjonal vekst (LLL),2080,6669323
Lav nasjonal vekst (LLL),2081,6683161
Lav nasjonal vekst (LLL),2082,6696475
Lav nasjonal vekst (LLL),2083,6709286
Lav nasjonal vekst (LLL),2084,6721684
Lav nasjonal vekst (LLL),2085,6733734
Lav nasjonal vekst (LLL),2086,6745517
Lav nasjonal vekst (LLL),2087,6757172
Lav nasjonal vekst (LLL),2088,6768799
Lav nasjonal vekst (LLL),2089,6780495
Lav nasjonal vekst (LLL),2090,6792383
Lav nasjonal vekst (LLL),2091,6804543
Lav nasjonal vekst (LLL),2092,6817043
Lav nasjonal vekst (LLL),2093,6829960
Lav nasjonal vekst (LLL),2094,6843294
Lav nasjonal vekst (LLL),2095,6857065
Lav nasjonal vekst (LLL),2096,6871259
Lav nasjonal vekst (LLL),2097,6885846
Lav nasjonal vekst (LLL),2098,6900795
Lav nasjonal vekst (LLL),2099,6916035
Lav nasjonal vekst (LLL),2100,6931513
Høy nasjonal vekst (HHH),2022,5425270
Høy nasjonal vekst (HHH),2023,5502778
Høy nasjonal vekst (HHH),2024,5556038
Høy nasjonal vekst (HHH),2025,5597444
Høy nasjonal vekst (HHH),2026,5629443
Høy nasjonal vekst (HHH),2027,5662248
Høy nasjonal vekst (HHH),2028,5695912
Høy nasjonal vekst (HHH),2029,5730373
Høy nasjonal vekst (HHH),2030,5765008
Høy nasjonal vekst (HHH),2031,5799726
Høy nasjonal vekst (HHH),2032,5834260
Høy nasjonal vekst (HHH),2033,5868873
Høy nasjonal vekst (HHH),2034,5903579
Høy nasjonal vekst (HHH),2035,5938154
Høy nasjonal vekst (HHH),2036,5972783
Høy nasjonal vekst (HHH),2037,6007470
Høy nasjonal vekst (HHH),2038,6041656
Høy nasjonal vekst (HHH),2039,6075320
Høy nasjonal vekst (HHH),2040,6108526
Høy nasjonal vekst (HHH),2041,6141235
Høy nasjonal vekst (HHH),2042,6173501
Høy nasjonal vekst (HHH),2043,6205363
Høy nasjonal vekst (HHH),2044,6236714
Høy nasjonal vekst (HHH),2045,6267584
Høy nasjonal vekst (HHH),2046,6297971
Høy nasjonal vekst (HHH),2047,6327909
Høy nasjonal vekst (HHH),2048,6357451
Høy nasjonal vekst (HHH),2049,6386574
Høy nasjonal vekst (HHH),2050,6415275
Høy nasjonal vekst (HHH),2051,6443627
Høy nasjonal vekst (HHH),2052,6471728
Høy nasjonal vekst (HHH),2053,6499659
Høy nasjonal vekst (HHH),2054,6527516
Høy nasjonal vekst (HHH),2055,6555356
Høy nasjonal vekst (HHH),2056,6583245
Høy nasjonal vekst (HHH),2057,6611297
Høy nasjonal vekst (HHH),2058,6639550
Høy nasjonal vekst (HHH),2059,6668070
Høy nasjonal vekst (HHH),2060,6696882
Høy nasjonal vekst (HHH),2061,6726061
Høy nasjonal vekst (HHH),2062,6755603
Høy nasjonal vekst (HHH),2063,6785535
Høy nasjonal vekst (HHH),2064,6815942
Høy nasjonal vekst (HHH),2065,6846862
Høy nasjonal vekst (HHH),2066,6878348
Høy nasjonal vekst (HHH),2067,6910423
Høy nasjonal vekst (HHH),2068,6943097
Høy nasjonal vekst (HHH),2069,6976378
Høy nasjonal vekst (HHH),2070,7010218
Høy nasjonal vekst (HHH),2071,7044561
Høy nasjonal vekst (HHH),2072,7079356
Høy nasjonal vekst (HHH),2073,7114480
Høy nasjonal vekst (HHH),2074,7149833
Høy nasjonal vekst (HHH),2075,7185318
Høy nasjonal vekst (HHH),2076,7220822
Høy nasjonal vekst (HHH),2077,7256265
Høy nasjonal vekst (HHH),2078,7291569
Høy nasjonal vekst (HHH),2079,7326638
Høy nasjonal vekst (HHH),2080,7361440
Høy nasjonal vekst (HHH),2081,7395930
Høy nasjonal vekst (HHH),2082,7430119
Høy nasjonal vekst (HHH),2083,7464046
Høy nasjonal vekst (HHH),2084,7497732
Høy nasjonal vekst (HHH),2085,7531260
Høy nasjonal vekst (HHH),2086,7564695
Høy nasjonal vekst (HHH),2087,7598139
Høy nasjonal vekst (HHH),2088,7631700
Høy nasjonal vekst (HHH),2089,7665501
Høy nasjonal vekst (HHH),2090,7699638
Høy nasjonal vekst (HHH),2091,7734222
Høy nasjonal vekst (HHH),2092,7769351
Høy nasjonal vekst (HHH),2093,7805073
Høy nasjonal vekst (HHH),2094,7841440
Høy nasjonal vekst (HHH),2095,7878482
Høy nasjonal vekst (HHH),2096,7916187
Høy nasjonal vekst (HHH),2097,7954570
Høy nasjonal vekst (HHH),2098,7993579
Høy nasjonal vekst (HHH),2099,8033182
Høy nasjonal vekst (HHH),2100,8073327
Lav fruktbarhet (LMM),2022,5425270
Lav fruktbarhet (LMM),2023,5476161
Lav fruktbarhet (LMM),2024,5514186
Lav fruktbarhet (LMM),2025,5540032
Lav fruktbarhet (LMM),2026,5566571
Lav fruktbarhet (LMM),2027,5593876
Lav fruktbarhet (LMM),2028,5621670
Lav fruktbarhet (LMM),2029,5649791
Lav fruktbarhet (LMM),2030,5677832
Lav fruktbarhet (LMM),2031,5705638
Lav fruktbarhet (LMM),2032,5733014
Lav fruktbarhet (LMM),2033,5760138
Lav fruktbarhet (LMM),2034,5787038
Lav fruktbarhet (LMM),2035,5813586
Lav fruktbarhet (LMM),2036,5839719
Lav fruktbarhet (LMM),2037,5865766
Lav fruktbarhet (LMM),2038,5890695
Lav fruktbarhet (LMM),2039,5914850
Lav fruktbarhet (LMM),2040,5937981
Lav fruktbarhet (LMM),2041,5960172
Lav fruktbarhet (LMM),2042,5981701
Lav fruktbarhet (LMM),2043,6002201
Lav fruktbarhet (LMM),2044,6021909
Lav fruktbarhet (LMM),2045,6040394
Lav fruktbarhet (LMM),2046,6058242
Lav fruktbarhet (LMM),2047,6075022
Lav fruktbarhet (LMM),2048,6090568
Lav fruktbarhet (LMM),2049,6105191
Lav fruktbarhet (LMM),2050,6119134
Lav fruktbarhet (LMM),2051,6131980
Lav fruktbarhet (LMM),2052,6143968
Lav fruktbarhet (LMM),2053,6155157
Lav fruktbarhet (LMM),2054,6165801
Lav fruktbarhet (LMM),2055,6175813
Lav fruktbarhet (LMM),2056,6185016
Lav fruktbarhet (LMM),2057,6193973
Lav fruktbarhet (LMM),2058,6202503
Lav fruktbarhet (LMM),2059,6210600
Lav fruktbarhet (LMM),2060,6218299
Lav fruktbarhet (LMM),2061,6225741
Lav fruktbarhet (LMM),2062,6232876
Lav fruktbarhet (LMM),2063,6240029
Lav fruktbarhet (LMM),2064,6247018
Lav fruktbarhet (LMM),2065,6254109
Lav fruktbarhet (LMM),2066,6260956
Lav fruktbarhet (LMM),2067,6268244
Lav fruktbarhet (LMM),2068,6275560
Lav fruktbarhet (LMM),2069,6282662
Lav fruktbarhet (LMM),2070,6289767
Lav fruktbarhet (LMM),2071,6297198
Lav fruktbarhet (LMM),2072,6304659
Lav fruktbarhet (LMM),2073,6312102
Lav fruktbarhet (LMM),2074,6319528
Lav fruktbarhet (LMM),2075,6326947
Lav fruktbarhet (LMM),2076,6334033
Lav fruktbarhet (LMM),2077,6340747
Lav fruktbarhet (LMM),2078,6346978
Lav fruktbarhet (LMM),2079,6352440
Lav fruktbarhet (LMM),2080,6357469
Lav fruktbarhet (LMM),2081,6362398
Lav fruktbarhet (LMM),2082,6366494
Lav fruktbarhet (LMM),2083,6369807
Lav fruktbarhet (LMM),2084,6372456
Lav fruktbarhet (LMM),2085,6374477
Lav fruktbarhet (LMM),2086,6375661
Lav fruktbarhet (LMM),2087,6376769
Lav fruktbarhet (LMM),2088,6377447
Lav fruktbarhet (LMM),2089,6377583
Lav fruktbarhet (LMM),2090,6377953
Lav fruktbarhet (LMM),2091,6378026
Lav fruktbarhet (LMM),2092,6378490
Lav fruktbarhet (LMM),2093,6378562
Lav fruktbarhet (LMM),2094,6378944
Lav fruktbarhet (LMM),2095,6379153
Lav fruktbarhet (LMM),2096,6379353
Lav fruktbarhet (LMM),2097,6380399
Lav fruktbarhet (LMM),2098,6381672
Lav fruktbarhet (LMM),2099,6383593
Lav fruktbarhet (LMM),2100,6385189
Høy fruktbarhet (HMM),2022,5425270
Høy fruktbarhet (HMM),2023,5507206
Høy fruktbarhet (HMM),2024,5566851
Høy fruktbarhet (HMM),2025,5616131
Høy fruktbarhet (HMM),2026,5656628
Høy fruktbarhet (HMM),2027,5698108
Høy fruktbarhet (HMM),2028,5740571
Høy fruktbarhet (HMM),2029,5783867
Høy fruktbarhet (HMM),2030,5827467
Høy fruktbarhet (HMM),2031,5871250
Høy fruktbarhet (HMM),2032,5914857
Høy fruktbarhet (HMM),2033,5958615
Høy fruktbarhet (HMM),2034,6002568
Høy fruktbarhet (HMM),2035,6046448
Høy fruktbarhet (HMM),2036,6090359
Høy fruktbarhet (HMM),2037,6134573
Høy fruktbarhet (HMM),2038,6179262
Høy fruktbarhet (HMM),2039,6223608
Høy fruktbarhet (HMM),2040,6267370
Høy fruktbarhet (HMM),2041,6310550
Høy fruktbarhet (HMM),2042,6353491
Høy fruktbarhet (HMM),2043,6395893
Høy fruktbarhet (HMM),2044,6437875
Høy fruktbarhet (HMM),2045,6479071
Høy fruktbarhet (HMM),2046,6520111
Høy fruktbarhet (HMM),2047,6560621
Høy fruktbarhet (HMM),2048,6600545
Høy fruktbarhet (HMM),2049,6640201
Høy fruktbarhet (HMM),2050,6679873
Høy fruktbarhet (HMM),2051,6719234
Høy fruktbarhet (HMM),2052,6758594
Høy fruktbarhet (HMM),2053,6798092
Høy fruktbarhet (HMM),2054,6838027
Høy fruktbarhet (HMM),2055,6878392
Høy fruktbarhet (HMM),2056,6918978
Høy fruktbarhet (HMM),2057,6960334
Høy fruktbarhet (HMM),2058,7002244
Høy fruktbarhet (HMM),2059,7044668
Høy fruktbarhet (HMM),2060,7087564
Høy fruktbarhet (HMM),2061,7131006
Høy fruktbarhet (HMM),2062,7174848
Høy fruktbarhet (HMM),2063,7219355
Høy fruktbarhet (HMM),2064,7264301
Høy fruktbarhet (HMM),2065,7309948
Høy fruktbarhet (HMM),2066,7355918
Høy fruktbarhet (HMM),2067,7402866
Høy fruktbarhet (HMM),2068,7450363
Høy fruktbarhet (HMM),2069,7498153
Høy fruktbarhet (HMM),2070,7546428
Høy fruktbarhet (HMM),2071,7595470
Høy fruktbarhet (HMM),2072,7645003
Høy fruktbarhet (HMM),2073,7694924
Høy fruktbarhet (HMM),2074,7745246
Høy fruktbarhet (HMM),2075,7795966
Høy fruktbarhet (HMM),2076,7846804
Høy fruktbarhet (HMM),2077,7897691
Høy fruktbarhet (HMM),2078,7948558
Høy fruktbarhet (HMM),2079,7999170
Høy fruktbarhet (HMM),2080,8049836
Høy fruktbarhet (HMM),2081,8100976
Høy fruktbarhet (HMM),2082,8151857
Høy fruktbarhet (HMM),2083,8202578
Høy fruktbarhet (HMM),2084,8253247
Høy fruktbarhet (HMM),2085,8303947
Høy fruktbarhet (HMM),2086,8354489
Høy fruktbarhet (HMM),2087,8405631
Høy fruktbarhet (HMM),2088,8457040
Høy fruktbarhet (HMM),2089,8508574
Høy fruktbarhet (HMM),2090,8561048
Høy fruktbarhet (HMM),2091,8613897
Høy fruktbarhet (HMM),2092,8667788
Høy fruktbarhet (HMM),2093,8721889
Høy fruktbarhet (HMM),2094,8776912
Høy fruktbarhet (HMM),2095,8832350
Høy fruktbarhet (HMM),2096,8888346
Høy fruktbarhet (HMM),2097,8945778
Høy fruktbarhet (HMM),2098,9004021
Høy fruktbarhet (HMM),2099,9063451
Høy fruktbarhet (HMM),2100,9123053
Lav levealder (MLM),2022,5425270
Lav levealder (MLM),2023,5437738
Lav levealder (MLM),2024,5449205
Lav levealder (MLM),2025,5459474
Lav levealder (MLM),2026,5469151
Lav levealder (MLM),2027,5478396
Lav levealder (MLM),2028,5487091
Lav levealder (MLM),2029,5495093
Lav levealder (MLM),2030,5502345
Lav levealder (MLM),2031,5508894
Lav levealder (MLM),2032,5514683
Lav levealder (MLM),2033,5519763
Lav levealder (MLM),2034,5524091
Lav levealder (MLM),2035,5527904
Lav levealder (MLM),2036,5531279
Lav levealder (MLM),2037,5534218
Lav levealder (MLM),2038,5536200
Lav levealder (MLM),2039,5537221
Lav levealder (MLM),2040,5537343
Lav levealder (MLM),2041,5536555
Lav levealder (MLM),2042,5534875
Lav levealder (MLM),2043,5532265
Lav levealder (MLM),2044,5528709
Lav levealder (MLM),2045,5524185
Lav levealder (MLM),2046,5518662
Lav levealder (MLM),2047,5512125
Lav levealder (MLM),2048,5504545
Lav levealder (MLM),2049,5495912
Lav levealder (MLM),2050,5486195
Lav levealder (MLM),2051,5475442
Lav levealder (MLM),2052,5463636
Lav levealder (MLM),2053,5450811
Lav levealder (MLM),2054,5437005
Lav levealder (MLM),2055,5422254
Lav levealder (MLM),2056,5406598
Lav levealder (MLM),2057,5390096
Lav levealder (MLM),2058,5372807
Lav levealder (MLM),2059,5354777
Lav levealder (MLM),2060,5336095
Lav levealder (MLM),2061,5316869
Lav levealder (MLM),2062,5297160
Lav levealder (MLM),2063,5277065
Lav levealder (MLM),2064,5256698
Lav levealder (MLM),2065,5236124
Lav levealder (MLM),2066,5215457
Lav levealder (MLM),2067,5194759
Lav levealder (MLM),2068,5174073
Lav levealder (MLM),2069,5153436
Lav levealder (MLM),2070,5132836
Lav levealder (MLM),2071,5112270
Lav levealder (MLM),2072,5091641
Lav levealder (MLM),2073,5070928
Lav levealder (MLM),2074,5050014
Lav levealder (MLM),2075,5028820
Lav levealder (MLM),2076,5007218
Lav levealder (MLM),2077,4985140
Lav levealder (MLM),2078,4962498
Lav levealder (MLM),2079,4939236
Lav levealder (MLM),2080,4915328
Lav levealder (MLM),2081,4890746
Lav levealder (MLM),2082,4865516
Lav levealder (MLM),2083,4839691
Lav levealder (MLM),2084,4813321
Lav levealder (MLM),2085,4786497
Lav levealder (MLM),2086,4759337
Lav levealder (MLM),2087,4731968
Lav levealder (MLM),2088,4704511
Lav levealder (MLM),2089,4677118
Lav levealder (MLM),2090,4649920
Lav levealder (MLM),2091,4623015
Lav levealder (MLM),2092,4596520
Lav levealder (MLM),2093,4570482
Lav levealder (MLM),2094,4544939
Lav levealder (MLM),2095,4519899
Lav levealder (MLM),2096,4495355
Lav levealder (MLM),2097,4471261
Lav levealder (MLM),2098,4447556
Lav levealder (MLM),2099,4424166
Lav levealder (MLM),2100,4400996
Høy levealder (MHM),2022,5425270
Høy levealder (MHM),2023,5437742
Høy levealder (MHM),2024,5449131
Høy levealder (MHM),2025,5459478
Høy levealder (MHM),2026,5469416
Høy levealder (MHM),2027,5479166
Høy levealder (MHM),2028,5488613
Høy levealder (MHM),2029,5497639
Høy levealder (MHM),2030,5506143
Høy levealder (MHM),2031,5514144
Høy levealder (MHM),2032,5521584
Høy levealder (MHM),2033,5528522
Høy levealder (MHM),2034,5534910
Høy levealder (MHM),2035,5540842
Høy levealder (MHM),2036,5546359
Høy levealder (MHM),2037,5551497
Høy levealder (MHM),2038,5555654
Høy levealder (MHM),2039,5558841
Høy levealder (MHM),2040,5561110
Høy levealder (MHM),2041,5562448
Høy levealder (MHM),2042,5562858
Høy levealder (MHM),2043,5562336
Høy levealder (MHM),2044,5560847
Høy levealder (MHM),2045,5558368
Høy levealder (MHM),2046,5554902
Høy levealder (MHM),2047,5550427
Høy levealder (MHM),2048,5544948
Høy levealder (MHM),2049,5538463
Høy levealder (MHM),2050,5530985
Høy levealder (MHM),2051,5522557
Høy levealder (MHM),2052,5513198
Høy levealder (MHM),2053,5502983
Høy levealder (MHM),2054,5491958
Høy levealder (MHM),2055,5480168
Høy levealder (MHM),2056,5467676
Høy levealder (MHM),2057,5454562
Høy levealder (MHM),2058,5440852
Høy levealder (MHM),2059,5426643
Høy levealder (MHM),2060,5411997
Høy levealder (MHM),2061,5396986
Høy levealder (MHM),2062,5381693
Høy levealder (MHM),2063,5366184
Høy levealder (MHM),2064,5350535
Høy levealder (MHM),2065,5334837
Høy levealder (MHM),2066,5319154
Høy levealder (MHM),2067,5303513
Høy levealder (MHM),2068,5287969
Høy levealder (MHM),2069,5272549
Høy levealder (MHM),2070,5257208
Høy levealder (MHM),2071,5241931
Høy levealder (MHM),2072,5226641
Høy levealder (MHM),2073,5211302
Høy levealder (MHM),2074,5195778
Høy levealder (MHM),2075,5179979
Høy levealder (MHM),2076,5163822
Høy levealder (MHM),2077,5147196
Høy levealder (MHM),2078,5130020
Høy levealder (MHM),2079,5112233
Høy levealder (MHM),2080,5093780
Høy levealder (MHM),2081,5074650
Høy levealder (MHM),2082,5054863
Høy levealder (MHM),2083,5034419
Høy levealder (MHM),2084,5013374
Høy levealder (MHM),2085,4991790
Høy levealder (MHM),2086,4969763
Høy levealder (MHM),2087,4947380
Høy levealder (MHM),2088,4924774
Høy levealder (MHM),2089,4902040
Høy levealder (MHM),2090,4879299
Høy levealder (MHM),2091,4856648
Høy levealder (MHM),2092,4834171
Høy levealder (MHM),2093,4811916
Høy levealder (MHM),2094,4789946
Høy levealder (MHM),2095,4768262
Høy levealder (MHM),2096,4746861
Høy levealder (MHM),2097,4725723
Høy levealder (MHM),2098,4704822
Høy levealder (MHM),2099,4684109
Høy levealder (MHM),2100,4663533
Lav innvandring (MML),2022,5425270
Lav innvandring (MML),2023,5474990
Lav innvandring (MML),2024,5511466
Lav innvandring (MML),2025,5535468
Lav innvandring (MML),2026,5559969
Lav innvandring (MML),2027,5585078
Lav innvandring (MML),2028,5610601
Lav innvandring (MML),2029,5636529
Lav innvandring (MML),2030,5662438
Lav innvandring (MML),2031,5688191
Lav innvandring (MML),2032,5713699
Lav innvandring (MML),2033,5739082
Lav innvandring (MML),2034,5764343
Lav innvandring (MML),2035,5789358
Lav innvandring (MML),2036,5814156
Lav innvandring (MML),2037,5838811
Lav innvandring (MML),2038,5862619
Lav innvandring (MML),2039,5885614
Lav innvandring (MML),2040,5907846
Lav innvandring (MML),2041,5929308
Lav innvandring (MML),2042,5949990
Lav innvandring (MML),2043,5969894
Lav innvandring (MML),2044,5988981
Lav innvandring (MML),2045,6007253
Lav innvandring (MML),2046,6024704
Lav innvandring (MML),2047,6041315
Lav innvandring (MML),2048,6057095
Lav innvandring (MML),2049,6072064
Lav innvandring (MML),2050,6086244
Lav innvandring (MML),2051,6099689
Lav innvandring (MML),2052,6112435
Lav innvandring (MML),2053,6124580
Lav innvandring (MML),2054,6136182
Lav innvandring (MML),2055,6147311
Lav innvandring (MML),2056,6158027
Lav innvandring (MML),2057,6168427
Lav innvandring (MML),2058,6178535
Lav innvandring (MML),2059,6188431
Lav innvandring (MML),2060,6198173
Lav innvandring (MML),2061,6207819
Lav innvandring (MML),2062,6217408
Lav innvandring (MML),2063,6227024
Lav innvandring (MML),2064,6236722
Lav innvandring (MML),2065,6246560
Lav innvandring (MML),2066,6256563
Lav innvandring (MML),2067,6266802
Lav innvandring (MML),2068,6277296
Lav innvandring (MML),2069,6288025
Lav innvandring (MML),2070,6298958
Lav innvandring (MML),2071,6310054
Lav innvandring (MML),2072,6321242
Lav innvandring (MML),2073,6332427
Lav innvandring (MML),2074,6343486
Lav innvandring (MML),2075,6354331
Lav innvandring (MML),2076,6364837
Lav innvandring (MML),2077,6374912
Lav innvandring (MML),2078,6384460
Lav innvandring (MML),2079,6393417
Lav innvandring (MML),2080,6401709
Lav innvandring (MML),2081,6409321
Lav innvandring (MML),2082,6416257
Lav innvandring (MML),2083,6422532
Lav innvandring (MML),2084,6428170
Lav innvandring (MML),2085,6433258
Lav innvandring (MML),2086,6437865
Lav innvandring (MML),2087,6442093
Lav innvandring (MML),2088,6446048
Lav innvandring (MML),2089,6449834
Lav innvandring (MML),2090,6453572
Lav innvandring (MML),2091,6457356
Lav innvandring (MML),2092,6461291
Lav innvandring (MML),2093,6465422
Lav innvandring (MML),2094,6469795
Lav innvandring (MML),2095,6474438
Lav innvandring (MML),2096,6479343
Lav innvandring (MML),2097,6484519
Lav innvandring (MML),2098,6489918
Lav innvandring (MML),2099,6495520
Lav innvandring (MML),2100,6501245
Høy innvandring (MMH),2022,5425270
Høy innvandring (MMH),2023,5474990
Høy innvandring (MMH),2024,5510574
Høy innvandring (MMH),2025,5532842
Høy innvandring (MMH),2026,5554761
Høy innvandring (MMH),2027,5576446
Høy innvandring (MMH),2028,5597629
Høy innvandring (MMH),2029,5618277
Høy innvandring (MMH),2030,5637946
Høy innvandring (MMH),2031,5656503
Høy innvandring (MMH),2032,5673918
Høy innvandring (MMH),2033,5690346
Høy innvandring (MMH),2034,5705841
Høy innvandring (MMH),2035,5720346
Høy innvandring (MMH),2036,5733943
Høy innvandring (MMH),2037,5746784
Høy innvandring (MMH),2038,5758259
Høy innvandring (MMH),2039,5768485
Høy innvandring (MMH),2040,5777517
Høy innvandring (MMH),2041,5785435
Høy innvandring (MMH),2042,5792244
Høy innvandring (MMH),2043,5797963
Høy innvandring (MMH),2044,5802581
Høy innvandring (MMH),2045,5806085
Høy innvandring (MMH),2046,5808468
Høy innvandring (MMH),2047,5809704
Høy innvandring (MMH),2048,5809825
Høy innvandring (MMH),2049,5808865
Høy innvandring (MMH),2050,5806847
Høy innvandring (MMH),2051,5803891
Høy innvandring (MMH),2052,5800069
Høy innvandring (MMH),2053,5795511
Høy innvandring (MMH),2054,5790314
Høy innvandring (MMH),2055,5784559
Høy innvandring (MMH),2056,5778342
Høy innvandring (MMH),2057,5771812
Høy innvandring (MMH),2058,5765057
Høy innvandring (MMH),2059,5758161
Høy innvandring (MMH),2060,5751222
Høy innvandring (MMH),2061,5744345
Høy innvandring (MMH),2062,5737594
Høy innvandring (MMH),2063,5731066
Høy innvandring (MMH),2064,5724791
Høy innvandring (MMH),2065,5718794
Høy innvandring (MMH),2066,5713049
Høy innvandring (MMH),2067,5707576
Høy innvandring (MMH),2068,5702296
Høy innvandring (MMH),2069,5697174
Høy innvandring (MMH),2070,5692118
Høy innvandring (MMH),2071,5687056
Høy innvandring (MMH),2072,5681881
Høy innvandring (MMH),2073,5676506
Høy innvandring (MMH),2074,5670851
Høy innvandring (MMH),2075,5664875
Høy innvandring (MMH),2076,5658501
Høy innvandring (MMH),2077,5651722
Høy innvandring (MMH),2078,5644539
Høy innvandring (MMH),2079,5636942
Høy innvandring (MMH),2080,5628960
Høy innvandring (MMH),2081,5620646
Høy innvandring (MMH),2082,5612070
Høy innvandring (MMH),2083,5603296
Høy innvandring (MMH),2084,5594419
Høy innvandring (MMH),2085,5585504
Høy innvandring (MMH),2086,5576614
Høy innvandring (MMH),2087,5567892
Høy innvandring (MMH),2088,5559338
Høy innvandring (MMH),2089,5551036
Høy innvandring (MMH),2090,5543026
Høy innvandring (MMH),2091,5535332
Høy innvandring (MMH),2092,5527988
Høy innvandring (MMH),2093,5521002
Høy innvandring (MMH),2094,5514378
Høy innvandring (MMH),2095,5508095
Høy innvandring (MMH),2096,5502146
Høy innvandring (MMH),2097,5496539
Høy innvandring (MMH),2098,5491234
Høy innvandring (MMH),2099,5486244
Høy innvandring (MMH),2100,5481528
Sterk aldring (LHL),2022,5425270
Sterk aldring (LHL),2023,5467745
Sterk aldring (LHL),2024,5497640
Sterk aldring (LHL),2025,5515414
Sterk aldring (LHL),2026,5533341
Sterk aldring (LHL),2027,5551145
Sterk aldring (LHL),2028,5568585
Sterk aldring (LHL),2029,5585566
Sterk aldring (LHL),2030,5601709
Sterk aldring (LHL),2031,5616839
Sterk aldring (LHL),2032,5630856
Sterk aldring (LHL),2033,5643911
Sterk aldring (LHL),2034,5655982
Sterk aldring (LHL),2035,5666974
Sterk aldring (LHL),2036,5676936
Sterk aldring (LHL),2037,5685921
Sterk aldring (LHL),2038,5693989
Sterk aldring (LHL),2039,5701171
Sterk aldring (LHL),2040,5707515
Sterk aldring (LHL),2041,5713043
Sterk aldring (LHL),2042,5717770
Sterk aldring (LHL),2043,5721711
Sterk aldring (LHL),2044,5724832
Sterk aldring (LHL),2045,5727124
Sterk aldring (LHL),2046,5728552
Sterk aldring (LHL),2047,5729084
Sterk aldring (LHL),2048,5728680
Sterk aldring (LHL),2049,5727333
Sterk aldring (LHL),2050,5724961
Sterk aldring (LHL),2051,5721607
Sterk aldring (LHL),2052,5717246
Sterk aldring (LHL),2053,5711923
Sterk aldring (LHL),2054,5705625
Sterk aldring (LHL),2055,5698384
Sterk aldring (LHL),2056,5690242
Sterk aldring (LHL),2057,5681283
Sterk aldring (LHL),2058,5671515
Sterk aldring (LHL),2059,5661045
Sterk aldring (LHL),2060,5649893
Sterk aldring (LHL),2061,5638155
Sterk aldring (LHL),2062,5625909
Sterk aldring (LHL),2063,5613243
Sterk aldring (LHL),2064,5600260
Sterk aldring (LHL),2065,5587048
Sterk aldring (LHL),2066,5573665
Sterk aldring (LHL),2067,5560224
Sterk aldring (LHL),2068,5546779
Sterk aldring (LHL),2069,5533397
Sterk aldring (LHL),2070,5520084
Sterk aldring (LHL),2071,5506864
Sterk aldring (LHL),2072,5493703
Sterk aldring (LHL),2073,5480523
Sterk aldring (LHL),2074,5467262
Sterk aldring (LHL),2075,5453848
Sterk aldring (LHL),2076,5440149
Sterk aldring (LHL),2077,5426092
Sterk aldring (LHL),2078,5411569
Sterk aldring (LHL),2079,5396524
Sterk aldring (LHL),2080,5380845
Sterk aldring (LHL),2081,5364512
Sterk aldring (LHL),2082,5347492
Sterk aldring (LHL),2083,5329781
Sterk aldring (LHL),2084,5311397
Sterk aldring (LHL),2085,5292388
Sterk aldring (LHL),2086,5272760
Sterk aldring (LHL),2087,5252638
Sterk aldring (LHL),2088,5232118
Sterk aldring (LHL),2089,5211270
Sterk aldring (LHL),2090,5190192
Sterk aldring (LHL),2091,5168993
Sterk aldring (LHL),2092,5147744
Sterk aldring (LHL),2093,5126548
Sterk aldring (LHL),2094,5105412
Sterk aldring (LHL),2095,5084378
Sterk aldring (LHL),2096,5063468
Sterk aldring (LHL),2097,5042683
Sterk aldring (LHL),2098,5022025
Sterk aldring (LHL),2099,5001464
Sterk aldring (LHL),2100,4980979
Svak aldring (HLH),2022,5425270
Svak aldring (HLH),2023,5461814
Svak aldring (HLH),2024,5480788
Svak aldring (HLH),2025,5498163
Svak aldring (HLH),2026,5515709
Svak aldring (HLH),2027,5533130
Svak aldring (HLH),2028,5550599
Svak aldring (HLH),2029,5568009
Svak aldring (HLH),2030,5584925
Svak aldring (HLH),2031,5601426
Svak aldring (HLH),2032,5617387
Svak aldring (HLH),2033,5632992
Svak aldring (HLH),2034,5648129
Svak aldring (HLH),2035,5662734
Svak aldring (HLH),2036,5676916
Svak aldring (HLH),2037,5690641
Svak aldring (HLH),2038,5703285
Svak aldring (HLH),2039,5714883
Svak aldring (HLH),2040,5725487
Svak aldring (HLH),2041,5735113
Svak aldring (HLH),2042,5743715
Svak aldring (HLH),2043,5751289
Svak aldring (HLH),2044,5757818
Svak aldring (HLH),2045,5763295
Svak aldring (HLH),2046,5767718
Svak aldring (HLH),2047,5771014
Svak aldring (HLH),2048,5773208
Svak aldring (HLH),2049,5774324
Svak aldring (HLH),2050,5774368
Svak aldring (HLH),2051,5773378
Svak aldring (HLH),2052,5771443
Svak aldring (HLH),2053,5768642
Svak aldring (HLH),2054,5765035
Svak aldring (HLH),2055,5760682
Svak aldring (HLH),2056,5755670
Svak aldring (HLH),2057,5750041
Svak aldring (HLH),2058,5743850
Svak aldring (HLH),2059,5737175
Svak aldring (HLH),2060,5730102
Svak aldring (HLH),2061,5722678
Svak aldring (HLH),2062,5715005
Svak aldring (HLH),2063,5707163
Svak aldring (HLH),2064,5699245
Svak aldring (HLH),2065,5691286
Svak aldring (HLH),2066,5683344
Svak aldring (HLH),2067,5675476
Svak aldring (HLH),2068,5667713
Svak aldring (HLH),2069,5660029
Svak aldring (HLH),2070,5652410
Svak aldring (HLH),2071,5644823
Svak aldring (HLH),2072,5637187
Svak aldring (HLH),2073,5629432
Svak aldring (HLH),2074,5621423
Svak aldring (HLH),2075,5613061
Svak aldring (HLH),2076,5604256
Svak aldring (HLH),2077,5594863
Svak aldring (HLH),2078,5584808
Svak aldring (HLH),2079,5574026
Svak aldring (HLH),2080,5562457
Svak aldring (HLH),2081,5550084
Svak aldring (HLH),2082,5536901
Svak aldring (HLH),2083,5522918
Svak aldring (HLH),2084,5508190
Svak aldring (HLH),2085,5492783
Svak aldring (HLH),2086,5476787
Svak aldring (HLH),2087,5460293
Svak aldring (HLH),2088,5443433
Svak aldring (HLH),2089,5426295
Svak aldring (HLH),2090,5409019
Svak aldring (HLH),2091,5391685
Svak aldring (HLH),2092,5374415
Svak aldring (HLH),2093,5357258
Svak aldring (HLH),2094,5340277
Svak aldring (HLH),2095,5323465
Svak aldring (HLH),2096,5306833
Svak aldring (HLH),2097,5290407
Svak aldring (HLH),2098,5274124
Svak aldring (HLH),2099,5257952
Svak aldring (HLH),2100,5241857
Ingen nettoinnvandring (MME),2022,5425270
Ingen nettoinnvandring (MME),2023,5473792
Ingen nettoinnvandring (MME),2024,5508554
Ingen nettoinnvandring (MME),2025,5530572
Ingen nettoinnvandring (MME),2026,5552741
Ingen nettoinnvandring (MME),2027,5575202
Ingen nettoinnvandring (MME),2028,5597786
Ingen nettoinnvandring (MME),2029,5620401
Ingen nettoinnvandring (MME),2030,5642644
Ingen nettoinnvandring (MME),2031,5664335
Ingen nettoinnvandring (MME),2032,5685339
Ingen nettoinnvandring (MME),2033,5705845
Ingen nettoinnvandring (MME),2034,5726004
Ingen nettoinnvandring (MME),2035,5745619
Ingen nettoinnvandring (MME),2036,5764576
Ingen nettoinnvandring (MME),2037,5783217
Ingen nettoinnvandring (MME),2038,5800823
Ingen nettoinnvandring (MME),2039,5817338
Ingen nettoinnvandring (MME),2040,5832986
Ingen nettoinnvandring (MME),2041,5847896
Ingen nettoinnvandring (MME),2042,5861852
Ingen nettoinnvandring (MME),2043,5874811
Ingen nettoinnvandring (MME),2044,5887164
Ingen nettoinnvandring (MME),2045,5898500
Ingen nettoinnvandring (MME),2046,5908929
Ingen nettoinnvandring (MME),2047,5918566
Ingen nettoinnvandring (MME),2048,5927041
Ingen nettoinnvandring (MME),2049,5934605
Ingen nettoinnvandring (MME),2050,5941236
Ingen nettoinnvandring (MME),2051,5947219
Ingen nettoinnvandring (MME),2052,5952300
Ingen nettoinnvandring (MME),2053,5956690
Ingen nettoinnvandring (MME),2054,5960311
Ingen nettoinnvandring (MME),2055,5963569
Ingen nettoinnvandring (MME),2056,5966317
Ingen nettoinnvandring (MME),2057,5968900
Ingen nettoinnvandring (MME),2058,5970645
Ingen nettoinnvandring (MME),2059,5972454
Ingen nettoinnvandring (MME),2060,5973927
Ingen nettoinnvandring (MME),2061,5975167
Ingen nettoinnvandring (MME),2062,5976820
Ingen nettoinnvandring (MME),2063,5978298
Ingen nettoinnvandring (MME),2064,5979631
Ingen nettoinnvandring (MME),2065,5981404
Ingen nettoinnvandring (MME),2066,5983381
Ingen nettoinnvandring (MME),2067,5985400
Ingen nettoinnvandring (MME),2068,5987892
Ingen nettoinnvandring (MME),2069,5990688
Ingen nettoinnvandring (MME),2070,5993593
Ingen nettoinnvandring (MME),2071,5996939
Ingen nettoinnvandring (MME),2072,6000257
Ingen nettoinnvandring (MME),2073,6003548
Ingen nettoinnvandring (MME),2074,6006878
Ingen nettoinnvandring (MME),2075,6009501
Ingen nettoinnvandring (MME),2076,6012027
Ingen nettoinnvandring (MME),2077,6014285
Ingen nettoinnvandring (MME),2078,6015953
Ingen nettoinnvandring (MME),2079,6016815
Ingen nettoinnvandring (MME),2080,6017127
Ingen nettoinnvandring (MME),2081,6016498
Ingen nettoinnvandring (MME),2082,6015056
Ingen nettoinnvandring (MME),2083,6013412
Ingen nettoinnvandring (MME),2084,6011338
Ingen nettoinnvandring (MME),2085,6008604
Ingen nettoinnvandring (MME),2086,6006152
Ingen nettoinnvandring (MME),2087,6003288
Ingen nettoinnvandring (MME),2088,6000630
Ingen nettoinnvandring (MME),2089,5997675
Ingen nettoinnvandring (MME),2090,5994516
Ingen nettoinnvandring (MME),2091,5991698
Ingen nettoinnvandring (MME),2092,5989007
Ingen nettoinnvandring (MME),2093,5987142
Ingen nettoinnvandring (MME),2094,5985121
Ingen nettoinnvandring (MME),2095,5983478
Ingen nettoinnvandring (MME),2096,5982831
Ingen nettoinnvandring (MME),2097,5982012
Ingen nettoinnvandring (MME),2098,5981206
Ingen nettoinnvandring (MME),2099,5981072
Ingen nettoinnvandring (MME),2100,5981428
Ingen flytting (MM0),2022,5425270
Ingen flytting (MM0),2023,5453367
Ingen flytting (MM0),2024,5464158
Ingen flytting (MM0),2025,5473495
Ingen flytting (MM0),2026,5482414
Ingen flytting (MM0),2027,5490340
Ingen flytting (MM0),2028,5497527
Ingen flytting (MM0),2029,5503826
Ingen flytting (MM0),2030,5508990
Ingen flytting (MM0),2031,5512969
Ingen flytting (MM0),2032,5515632
Ingen flytting (MM0),2033,5517185
Ingen flytting (MM0),2034,5517705
Ingen flytting (MM0),2035,5517010
Ingen flytting (MM0),2036,5515037
Ingen flytting (MM0),2037,5512045
Ingen flytting (MM0),2038,5507972
Ingen flytting (MM0),2039,5502793
Ingen flytting (MM0),2040,5496740
Ingen flytting (MM0),2041,5489938
Ingen flytting (MM0),2042,5482140
Ingen flytting (MM0),2043,5473327
Ingen flytting (MM0),2044,5463902
Ingen flytting (MM0),2045,5453460
Ingen flytting (MM0),2046,5442148
Ingen flytting (MM0),2047,5429952
Ingen flytting (MM0),2048,5416499
Ingen flytting (MM0),2049,5402030
Ingen flytting (MM0),2050,5386454
Ingen flytting (MM0),2051,5369951
Ingen flytting (MM0),2052,5352219
Ingen flytting (MM0),2053,5333425
Ingen flytting (MM0),2054,5313457
Ingen flytting (MM0),2055,5292696
Ingen flytting (MM0),2056,5270975
Ingen flytting (MM0),2057,5248581
Ingen flytting (MM0),2058,5224861
Ingen flytting (MM0),2059,5200732
Ingen flytting (MM0),2060,5175762
Ingen flytting (MM0),2061,5150118
Ingen flytting (MM0),2062,5124449
Ingen flytting (MM0),2063,5098175
Ingen flytting (MM0),2064,5071381
Ingen flytting (MM0),2065,5044629
Ingen flytting (MM0),2066,5017723
Ingen flytting (MM0),2067,4990559
Ingen flytting (MM0),2068,4963581
Ingen flytting (MM0),2069,4936674
Ingen flytting (MM0),2070,4909656
Ingen flytting (MM0),2071,4882907
Ingen flytting (MM0),2072,4855999
Ingen flytting (MM0),2073,4828979
Ingen flytting (MM0),2074,4801911
Ingen flytting (MM0),2075,4774068
Ingen flytting (MM0),2076,4746097
Ingen flytting (MM0),2077,4717773
Ingen flytting (MM0),2078,4688812
Ingen flytting (MM0),2079,4658964
Ingen flytting (MM0),2080,4628500
Ingen flytting (MM0),2081,4597057
Ingen flytting (MM0),2082,4564682
Ingen flytting (MM0),2083,4531974
Ingen flytting (MM0),2084,4498679
Ingen flytting (MM0),2085,4464568
Ingen flytting (MM0),2086,4430547
Ingen flytting (MM0),2087,4395909
Ingen flytting (MM0),2088,4361259
Ingen flytting (MM0),2089,4326090
Ingen flytting (MM0),2090,4290499
Ingen flytting (MM0),2091,4255012
Ingen flytting (MM0),2092,4219409
Ingen flytting (MM0),2093,4184371
Ingen flytting (MM0),2094,4148965
Ingen flytting (MM0),2095,4113717
Ingen flytting (MM0),2096,4079221
Ingen flytting (MM0),2097,4044376
Ingen flytting (MM0),2098,4009389
Ingen flytting (MM0),2099,3974896
Ingen flytting (MM0),2100,3940720
Konstant levealder (MKM),2022,5425270
Konstant levealder (MKM),2023,5455734
Konstant levealder (MKM),2024,5469768
Konstant levealder (MKM),2025,5482941
Konstant levealder (MKM),2026,5496232
Konstant levealder (MKM),2027,5508984
Konstant levealder (MKM),2028,5521352
Konstant levealder (MKM),2029,5533154
Konstant levealder (MKM),2030,5544091
Konstant levealder (MKM),2031,5554152
Konstant levealder (MKM),2032,5563153
Konstant levealder (MKM),2033,5571294
Konstant levealder (MKM),2034,5578499
Konstant levealder (MKM),2035,5584693
Konstant levealder (MKM),2036,5589838
Konstant levealder (MKM),2037,5594187
Konstant levealder (MKM),2038,5597371
Konstant levealder (MKM),2039,5599758
Konstant levealder (MKM),2040,5601091
Konstant levealder (MKM),2041,5601483
Konstant levealder (MKM),2042,5601148
Konstant levealder (MKM),2043,5599784
Konstant levealder (MKM),2044,5597592
Konstant levealder (MKM),2045,5594174
Konstant levealder (MKM),2046,5590115
Konstant levealder (MKM),2047,5584905
Konstant levealder (MKM),2048,5578388
Konstant levealder (MKM),2049,5570790
Konstant levealder (MKM),2050,5562328
Konstant levealder (MKM),2051,5552484
Konstant levealder (MKM),2052,5541433
Konstant levealder (MKM),2053,5529227
Konstant levealder (MKM),2054,5516037
Konstant levealder (MKM),2055,5501761
Konstant levealder (MKM),2056,5486213
Konstant levealder (MKM),2057,5469893
Konstant levealder (MKM),2058,5452640
Konstant levealder (MKM),2059,5434462
Konstant levealder (MKM),2060,5415380
Konstant levealder (MKM),2061,5395566
Konstant levealder (MKM),2062,5374972
Konstant levealder (MKM),2063,5353967
Konstant levealder (MKM),2064,5332375
Konstant levealder (MKM),2065,5310477
Konstant levealder (MKM),2066,5287965
Konstant levealder (MKM),2067,5265559
Konstant levealder (MKM),2068,5242872
Konstant levealder (MKM),2069,5219695
Konstant levealder (MKM),2070,5196296
Konstant levealder (MKM),2071,5172988
Konstant levealder (MKM),2072,5149598
Konstant levealder (MKM),2073,5126035
Konstant levealder (MKM),2074,5102350
Konstant levealder (MKM),2075,5078557
Konstant levealder (MKM),2076,5054380
Konstant levealder (MKM),2077,5029718
Konstant levealder (MKM),2078,5004485
Konstant levealder (MKM),2079,4978389
Konstant levealder (MKM),2080,4951774
Konstant levealder (MKM),2081,4924931
Konstant levealder (MKM),2082,4897124
Konstant levealder (MKM),2083,4868396
Konstant levealder (MKM),2084,4838808
Konstant levealder (MKM),2085,4808417
Konstant levealder (MKM),2086,4776985
Konstant levealder (MKM),2087,4745221
Konstant levealder (MKM),2088,4712776
Konstant levealder (MKM),2089,4679559
Konstant levealder (MKM),2090,4646304
Konstant levealder (MKM),2091,4612488
Konstant levealder (MKM),2092,4578781
Konstant levealder (MKM),2093,4544457
Konstant levealder (MKM),2094,4510153
Konstant levealder (MKM),2095,4475463
Konstant levealder (MKM),2096,4440556
Konstant levealder (MKM),2097,4406233
Konstant levealder (MKM),2098,4371957
Konstant levealder (MKM),2099,4338103
Konstant levealder (MKM),2100,4303819
Konstant innvandring (MMK),2022,5425270
Konstant innvandring (MMK),2023,5504831
Konstant innvandring (MMK),2024,5561230
Konstant innvandring (MMK),2025,5606664
Konstant innvandring (MMK),2026,5642773
Konstant innvandring (MMK),2027,5679390
Konstant innvandring (MMK),2028,5716640
Konstant innvandring (MMK),2029,5754399
Konstant innvandring (MMK),2030,5792172
Konstant innvandring (MMK),2031,5829818
Konstant innvandring (MMK),2032,5867032
Konstant innvandring (MMK),2033,5904113
Konstant innvandring (MMK),2034,5941298
Konstant innvandring (MMK),2035,5978193
Konstant innvandring (MMK),2036,6014872
Konstant innvandring (MMK),2037,6051615
Konstant innvandring (MMK),2038,6088926
Konstant innvandring (MMK),2039,6125554
Konstant innvandring (MMK),2040,6161730
Konstant innvandring (MMK),2041,6197538
Konstant innvandring (MMK),2042,6232804
Konstant innvandring (MMK),2043,6267535
Konstant innvandring (MMK),2044,6302036
Konstant innvandring (MMK),2045,6335944
Konstant innvandring (MMK),2046,6369423
Konstant innvandring (MMK),2047,6402622
Konstant innvandring (MMK),2048,6435280
Konstant innvandring (MMK),2049,6467693
Konstant innvandring (MMK),2050,6499850
Konstant innvandring (MMK),2051,6532127
Konstant innvandring (MMK),2052,6564333
Konstant innvandring (MMK),2053,6596760
Konstant innvandring (MMK),2054,6629410
Konstant innvandring (MMK),2055,6662707
Konstant innvandring (MMK),2056,6696507
Konstant innvandring (MMK),2057,6731147
Konstant innvandring (MMK),2058,6765923
Konstant innvandring (MMK),2059,6801662
Konstant innvandring (MMK),2060,6837907
Konstant innvandring (MMK),2061,6874702
Konstant innvandring (MMK),2062,6912601
Konstant innvandring (MMK),2063,6950921
Konstant innvandring (MMK),2064,6989677
Konstant innvandring (MMK),2065,7029444
Konstant innvandring (MMK),2066,7069927
Konstant innvandring (MMK),2067,7110982
Konstant innvandring (MMK),2068,7152979
Konstant innvandring (MMK),2069,7195758
Konstant innvandring (MMK),2070,7239089
Konstant innvandring (MMK),2071,7283264
Konstant innvandring (MMK),2072,7327806
Konstant innvandring (MMK),2073,7372714
Konstant innvandring (MMK),2074,7418045
Konstant innvandring (MMK),2075,7462983
Konstant innvandring (MMK),2076,7508249
Konstant innvandring (MMK),2077,7553642
Konstant innvandring (MMK),2078,7598893
Konstant innvandring (MMK),2079,7643742
Konstant innvandring (MMK),2080,7688523
Konstant innvandring (MMK),2081,7732876
Konstant innvandring (MMK),2082,7776900
Konstant innvandring (MMK),2083,7821318
Konstant innvandring (MMK),2084,7865893
Konstant innvandring (MMK),2085,7910412
Konstant innvandring (MMK),2086,7955903
Konstant innvandring (MMK),2087,8001584
Konstant innvandring (MMK),2088,8048124
Konstant innvandring (MMK),2089,8095008
Konstant innvandring (MMK),2090,8142277
Konstant innvandring (MMK),2091,8190544
Konstant innvandring (MMK),2092,8239513
Konstant innvandring (MMK),2093,8289956
Konstant innvandring (MMK),2094,8340755
Konstant innvandring (MMK),2095,8392531
Konstant innvandring (MMK),2096,8445910
Konstant innvandring (MMK),2097,8499589
Konstant innvandring (MMK),2098,8553767
Konstant innvandring (MMK),2099,8609150
Konstant innvandring (MMK),2100,8665525
